{
  "accuracy": 0.785744411640658,
  "precision": 0.7813345356176736,
  "recall": 0.7654593639575972,
  "f1": 0.7733154841588576,
  "confusion_matrix": [
    [
      1993,
      485
    ],
    [
      531,
      1733
    ]
  ],
  "best_params": {
    "pca__n_components": 30
  },
  "best_cv_score": 0.7814850556773396
}